MMA001_RNA;190211_K00376_0057_BHYK5LBBXX;2;1;39.931872696575844;3.4258884244567582;34224772
MMA001_RNA;190211_K00376_0057_BHYK5LBBXX;2;2;39.289519191537636;4.762486827815744;34224772
MMA002_RNA;190208_K00376_0054_AH2YTNBBXY;2;1;39.920276086368126;3.450469084294399;32123764
MMA002_RNA;190208_K00376_0054_AH2YTNBBXY;2;2;39.355660344161414;4.66071366896459;32123764
MMA003_RNA;190208_K00376_0054_AH2YTNBBXY;8;1;39.950667576188074;3.386161684630227;29694738
MMA003_RNA;190208_K00376_0054_AH2YTNBBXY;8;2;39.093477177449195;5.154123231595989;29694738
MMA004_RNA;190211_K00376_0057_BHYK5LBBXX;2;1;39.48161315323459;4.17993563655287;32391120
MMA004_RNA;190211_K00376_0057_BHYK5LBBXX;2;2;38.93263768300283;5.32983134717851;32391120
MMA005_RNA;190211_K00376_0057_BHYK5LBBXX;3;1;39.93424231242716;3.4422256276267857;35973838
MMA005_RNA;190211_K00376_0057_BHYK5LBBXX;3;2;39.47042697269796;4.420271899509448;35973838
MMA006_RNA;190208_K00376_0055_BHYKCCBBXX;4;1;26.592820512820513;10.193124864506816;26
MMA006_RNA;190208_K00376_0055_BHYKCCBBXX;4;2;25.81230769230769;10.2197834436643;26
MMA006_RNA;190211_K00376_0057_BHYK5LBBXX;8;1;39.770649200853505;3.724434960438911;48817958
MMA006_RNA;190211_K00376_0057_BHYK5LBBXX;8;2;38.35051876497306;6.322107436704553;48817958
MMA007_RNA;190208_K00376_0054_AH2YTNBBXY;7;1;39.972113911818255;3.3459185511910534;35662779
MMA007_RNA;190208_K00376_0054_AH2YTNBBXY;7;2;39.477220771456615;4.412131989843983;35662779
MMA008_RNA;190208_K00376_0054_AH2YTNBBXY;8;1;39.93954683860434;3.408483497038038;33914304
MMA008_RNA;190208_K00376_0054_AH2YTNBBXY;8;2;39.05397985620856;5.243835596787332;33914304
MMA009_RNA;190208_K00376_0054_AH2YTNBBXY;4;1;39.88239467766917;3.5184202059326997;37140169
MMA009_RNA;190208_K00376_0054_AH2YTNBBXY;4;2;39.32224796176883;4.686945923678631;37140169
MMA010_RNA;190208_K00376_0055_BHYKCCBBXX;5;1;39.92954253900807;3.437136541989969;36451516
MMA010_RNA;190208_K00376_0055_BHYKCCBBXX;5;2;39.228350693562376;4.906972065083398;36451516
MMA011_RNA;190208_K00376_0054_AH2YTNBBXY;2;1;39.92200042431121;3.4293901290764195;31093530
MMA011_RNA;190208_K00376_0054_AH2YTNBBXY;2;2;39.28752539408252;4.753333462810458;31093530
MMA012_RNA;190208_K00376_0055_BHYKCCBBXX;7;1;39.11542759254118;4.674574874364389;72144492
MMA012_RNA;190208_K00376_0055_BHYKCCBBXX;7;2;38.70790941804215;5.644023520413139;72144492
MMA013_RNA;190208_K00376_0055_BHYKCCBBXX;4;1;24.100512820512822;10.539850541100519;13
MMA013_RNA;190208_K00376_0055_BHYKCCBBXX;4;2;24.423589743589744;10.259970731967972;13
MMA013_RNA;190211_K00376_0057_BHYK5LBBXX;8;1;39.77603498232595;3.7025767537125374;27170063
MMA013_RNA;190211_K00376_0057_BHYK5LBBXX;8;2;38.40341020629948;6.180246426162058;27170063
MMA014_RNA;190208_K00376_0055_BHYKCCBBXX;2;1;39.79658537360917;3.702434801083038;27067051
MMA014_RNA;190208_K00376_0055_BHYKCCBBXX;2;2;39.15689833763814;5.058056298747712;27067051
MMA015_RNA;190208_K00376_0054_AH2YTNBBXY;6;1;39.94334263732653;3.4154390511169623;31252889
MMA015_RNA;190208_K00376_0054_AH2YTNBBXY;6;2;39.5506578829667;4.30050163757531;31252889
MMA016_RNA;190208_K00376_0054_AH2YTNBBXY;1;1;39.90708325740154;3.480449412315389;28084414
MMA016_RNA;190208_K00376_0054_AH2YTNBBXY;1;2;38.20128051998284;6.436621713367132;28084414
MMA017_RNA;190208_K00376_0055_BHYKCCBBXX;2;1;39.82639593033675;3.638886228137665;38151363
MMA017_RNA;190208_K00376_0055_BHYKCCBBXX;2;2;39.16702517565799;4.99290945214446;38151363
MMA018_RNA;190211_K00376_0057_BHYK5LBBXX;3;1;39.965775438688745;3.3617789678608916;46098478
MMA018_RNA;190211_K00376_0057_BHYK5LBBXX;3;2;39.26547151050555;4.827779548406802;46098478
MMA019_RNA;190208_K00376_0054_AH2YTNBBXY;3;1;39.92799521671237;3.435182052119831;29900216
MMA019_RNA;190208_K00376_0054_AH2YTNBBXY;3;2;39.404246514696304;4.577228835998352;29900216
MMA020_RNA;190208_K00376_0054_AH2YTNBBXY;8;1;39.92479517109692;3.441488451792332;29406706
MMA020_RNA;190208_K00376_0054_AH2YTNBBXY;8;2;39.05815656696356;5.2618079866703145;29406706
MMA021_RNA;190208_K00376_0054_AH2YTNBBXY;3;1;39.920817691061146;3.4453103845687085;32066846
MMA021_RNA;190208_K00376_0054_AH2YTNBBXY;3;2;39.31337326616614;4.72717675012855;32066846
MMA023_RNA;190208_K00376_0054_AH2YTNBBXY;2;1;39.89769495546442;3.478635900154417;28635976
MMA023_RNA;190208_K00376_0054_AH2YTNBBXY;2;2;39.32054488754519;4.707621806770733;28635976
MMA024_RNA;190208_K00376_0054_AH2YTNBBXY;1;1;39.913773379894174;3.4657471630492003;31009461
MMA024_RNA;190208_K00376_0054_AH2YTNBBXY;1;2;38.207054397151026;6.4373811420736216;31009461
MMA025_RNA;190208_K00376_0055_BHYKCCBBXX;2;1;39.80029721904424;3.685179543938094;38377801
MMA025_RNA;190208_K00376_0055_BHYKCCBBXX;2;2;38.96109416204783;5.313929807767558;38377801
MMA026_RNA;190208_K00376_0054_AH2YTNBBXY;3;1;39.90994835827783;3.479524625392321;34692685
MMA026_RNA;190208_K00376_0054_AH2YTNBBXY;3;2;39.239235548358394;4.84673169979476;34692685
MMA027_RNA;190211_K00376_0057_BHYK5LBBXX;1;1;39.86291730012246;3.542739091511813;50383021
MMA027_RNA;190211_K00376_0057_BHYK5LBBXX;1;2;38.91998346744631;5.36042201277135;50383021
MMA028_RNA;190208_K00376_0055_BHYKCCBBXX;2;1;39.782617704635385;3.7184395188570827;40580751
MMA028_RNA;190208_K00376_0055_BHYKCCBBXX;2;2;39.03348995882309;5.21805461740444;40580751
MMA029_RNA;190208_K00376_0055_BHYKCCBBXX;3;1;39.86085561031427;3.547157736622775;15342257
MMA029_RNA;190208_K00376_0055_BHYKCCBBXX;3;2;39.14937680073191;5.016933849043892;15342257
MMA029_RNA;190220_K00377_0063_AH3T23BBXY;1;1;39.95892162101163;3.3960734958954766;17818955
MMA029_RNA;190220_K00377_0063_AH3T23BBXY;1;2;39.16484314371971;5.050945901435521;17818955
MMA029_RNA;190220_K00377_0063_AH3T23BBXY;2;1;39.921838391715625;3.474417981679893;17559863
MMA029_RNA;190220_K00377_0063_AH3T23BBXY;2;2;39.32542882443521;4.768803971577305;17559863
MMA030_RNA;190208_K00376_0054_AH2YTNBBXY;8;1;39.96943652439649;3.3578560592977853;24447453
MMA030_RNA;190208_K00376_0054_AH2YTNBBXY;8;2;39.07376821299135;5.230720694325899;24447453
MMA031_RNA;190208_K00376_0054_AH2YTNBBXY;6;1;39.95908358482081;3.378350957551694;33817787
MMA031_RNA;190208_K00376_0054_AH2YTNBBXY;6;2;39.4893566879465;4.373480005276935;33817787
MMA032_RNA;190208_K00376_0054_AH2YTNBBXY;5;1;40.01511163571641;3.2734499244252637;30297487
MMA032_RNA;190208_K00376_0054_AH2YTNBBXY;5;2;39.49244173111343;4.395618462949802;30297487
MMA033_RNA;190208_K00376_0055_BHYKCCBBXX;5;1;39.90916606152299;3.4879342112742355;11818130
MMA033_RNA;190208_K00376_0055_BHYKCCBBXX;5;2;39.09162604123213;5.18591048110872;11818130
MMA033_RNA;190220_K00377_0063_AH3T23BBXY;1;1;39.90524437333594;3.51807867038548;22500825
MMA033_RNA;190220_K00377_0063_AH3T23BBXY;1;2;38.934028440290525;5.506643156116325;22500825
MMA033_RNA;190220_K00377_0063_AH3T23BBXY;2;1;39.86422602839894;3.6069889608627674;22156909
MMA033_RNA;190220_K00377_0063_AH3T23BBXY;2;2;39.123480700308875;5.190576154276182;22156909
MMA034_RNA;190208_K00376_0055_BHYKCCBBXX;8;1;39.764596299590245;3.7590782964341596;27200249
MMA034_RNA;190208_K00376_0055_BHYKCCBBXX;8;2;38.69559589693462;5.708027856221518;27200249
MMA035_RNA;190208_K00376_0055_BHYKCCBBXX;8;1;39.759113574077084;3.7648677930324825;32530246
MMA035_RNA;190208_K00376_0055_BHYKCCBBXX;8;2;38.74913369422414;5.648776433207534;32530246
MMA036_RNA;190208_K00376_0055_BHYKCCBBXX;3;1;39.832771369934;3.6171143748330765;11494853
MMA036_RNA;190208_K00376_0055_BHYKCCBBXX;3;2;39.122778674362635;5.094812072142242;11494853
MMA036_RNA;190220_K00377_0063_AH3T23BBXY;1;1;39.93473539125739;3.460203984795096;23067939
MMA036_RNA;190220_K00377_0063_AH3T23BBXY;1;2;39.16342112747914;5.102735899455107;23067939
MMA036_RNA;190220_K00377_0063_AH3T23BBXY;2;1;39.89346110789782;3.5464599978029443;22562550
MMA036_RNA;190220_K00377_0063_AH3T23BBXY;2;2;39.33482735831426;4.796045836247487;22562550
MMA037_RNA;190208_K00376_0055_BHYKCCBBXX;1;1;39.78612385994818;3.7072254273818173;24476263
MMA037_RNA;190208_K00376_0055_BHYKCCBBXX;1;2;38.384838345080155;6.0892471821818415;24476263
MMA038_RNA;190208_K00376_0055_BHYKCCBBXX;5;1;39.893795515576635;3.5138375003095157;40984266
MMA038_RNA;190208_K00376_0055_BHYKCCBBXX;5;2;39.172967418277054;4.98022194262086;40984266
MMA039_RNA;190208_K00376_0054_AH2YTNBBXY;6;1;39.982505473163904;3.3325512938986006;35591997
MMA039_RNA;190208_K00376_0054_AH2YTNBBXY;6;2;39.45086600301373;4.488014361436439;35591997
MMA040_RNA;190208_K00376_0054_AH2YTNBBXY;4;1;39.86065255753629;3.5694431409016247;30956361
MMA040_RNA;190208_K00376_0054_AH2YTNBBXY;4;2;39.23361165265302;4.84731826140117;30956361
MMA041_RNA;190211_K00376_0057_BHYK5LBBXX;1;1;39.870763557941466;3.5361557316807946;34711581
MMA041_RNA;190211_K00376_0057_BHYK5LBBXX;1;2;39.00535543531326;5.219955603054259;34711581
MMA042_RNA;190211_K00376_0057_BHYK5LBBXX;3;1;39.92707972796245;3.4374847907122255;38265943
MMA042_RNA;190211_K00376_0057_BHYK5LBBXX;3;2;39.041075710586824;5.1900342695020445;38265943
MMA043_RNA;190211_K00376_0057_BHYK5LBBXX;1;1;39.389257844520074;4.241241391187723;45322318
MMA043_RNA;190211_K00376_0057_BHYK5LBBXX;1;2;38.54046585613737;5.86100573035266;45322318
MMA044_RNA;190208_K00376_0055_BHYKCCBBXX;4;1;30.316363636363636;9.031392734344859;11
MMA044_RNA;190208_K00376_0055_BHYKCCBBXX;4;2;28.333333333333332;9.799775441585464;11
MMA044_RNA;190211_K00376_0057_BHYK5LBBXX;8;1;39.76262274722508;3.7279635309565466;22000219
MMA044_RNA;190211_K00376_0057_BHYK5LBBXX;8;2;38.30424931557878;6.304081495394695;22000219
MMA044_RNA;190220_K00377_0063_AH3T23BBXY;1;1;39.914933451178705;3.48915367649618;3706552
MMA044_RNA;190220_K00377_0063_AH3T23BBXY;1;2;38.92626296712776;5.417261196172322;3706552
MMA044_RNA;190220_K00377_0063_AH3T23BBXY;2;1;39.86716611403015;3.5927933119901585;3655507
MMA044_RNA;190220_K00377_0063_AH3T23BBXY;2;2;39.10591410347912;5.118697284458958;3655507
MMA045_RNA;190208_K00376_0054_AH2YTNBBXY;8;1;39.957129531842135;3.3757562942984287;29732841
MMA045_RNA;190208_K00376_0054_AH2YTNBBXY;8;2;39.15972478871651;5.052616880948973;29732841
MMA046_RNA;190208_K00376_0054_AH2YTNBBXY;2;1;39.91932394182272;3.45083030938082;27874110
MMA046_RNA;190208_K00376_0054_AH2YTNBBXY;2;2;39.4800219027621;4.457190062935237;27874110
MMA047_RNA;190211_K00376_0057_BHYK5LBBXX;3;1;39.92468644677604;3.436818066874234;44099318
MMA047_RNA;190211_K00376_0057_BHYK5LBBXX;3;2;39.18485325782136;4.906518132138576;44099318
MMA048_RNA;190208_K00376_0055_BHYKCCBBXX;6;1;39.986598618797615;3.3437393932411257;32333905
MMA048_RNA;190208_K00376_0055_BHYKCCBBXX;6;2;39.23008369532435;4.907811224153516;32333905
MMA049_RNA;190208_K00376_0054_AH2YTNBBXY;3;1;39.8981675494365;3.494424997278207;31255599
MMA049_RNA;190208_K00376_0054_AH2YTNBBXY;3;2;39.283427656380326;4.738733118068997;31255599
MMA050_RNA;190208_K00376_0055_BHYKCCBBXX;4;1;28.552;10.62675466027798;20
MMA050_RNA;190208_K00376_0055_BHYKCCBBXX;4;2;24.183333333333334;10.662028017682923;20
MMA050_RNA;190211_K00376_0057_BHYK5LBBXX;8;1;39.781879246768575;3.691623965322813;14485818
MMA050_RNA;190211_K00376_0057_BHYK5LBBXX;8;2;38.593920384751485;5.958759503648835;14485818
MMA050_RNA;190220_K00377_0063_AH3T23BBXY;1;1;39.93644846644995;3.4463855380719766;12516807
MMA050_RNA;190220_K00377_0063_AH3T23BBXY;1;2;39.18259615784334;5.054655976232222;12516807
MMA050_RNA;190220_K00377_0063_AH3T23BBXY;2;1;39.89581678504659;3.5353753032544386;12441721
MMA050_RNA;190220_K00377_0063_AH3T23BBXY;2;2;39.35552939661643;4.739291183404226;12441721
MMA051_RNA;190208_K00376_0055_BHYKCCBBXX;2;1;39.79420460963557;3.6975730512540266;81191986
MMA051_RNA;190208_K00376_0055_BHYKCCBBXX;2;2;38.901599858225744;5.388518493397201;81191986
MMA052_RNA;190208_K00376_0055_BHYKCCBBXX;2;1;39.77397434480219;3.736364051234928;19612296
MMA052_RNA;190208_K00376_0055_BHYKCCBBXX;2;2;38.93105228543019;5.362579169095297;19612296
MMA052_RNA;190220_K00377_0063_AH3T23BBXY;1;1;39.89120619413584;3.527156268481786;8012740
MMA052_RNA;190220_K00377_0063_AH3T23BBXY;1;2;38.87483221636211;5.504067452698063;8012740
MMA052_RNA;190220_K00377_0063_AH3T23BBXY;2;1;39.84654260013354;3.6221050763243525;7895656
MMA052_RNA;190220_K00377_0063_AH3T23BBXY;2;2;39.057128728337034;5.200116802621957;7895656
MMA053_RNA;190208_K00376_0055_BHYKCCBBXX;2;1;39.821746451205534;3.665535601165831;15736048
MMA053_RNA;190208_K00376_0055_BHYKCCBBXX;2;2;39.14461318453867;5.066061015897712;15736048
MMA053_RNA;190220_K00377_0063_AH3T23BBXY;1;1;39.943203875109575;3.4463296747199457;11469852
MMA053_RNA;190220_K00377_0063_AH3T23BBXY;1;2;39.09150585610578;5.214661110899695;11469852
MMA053_RNA;190220_K00377_0063_AH3T23BBXY;2;1;39.89933508727996;3.5412506615154706;11312773
MMA053_RNA;190220_K00377_0063_AH3T23BBXY;2;2;39.275476032858315;4.890102072315885;11312773
MMA055_RNA;190208_K00376_0055_BHYKCCBBXX;4;1;28.952222222222222;10.136605630050521;12
MMA055_RNA;190208_K00376_0055_BHYKCCBBXX;4;2;24.444444444444443;10.614187737989582;12
MMA055_RNA;190211_K00376_0057_BHYK5LBBXX;8;1;39.77104061901372;3.7094482260509407;25743059
MMA055_RNA;190211_K00376_0057_BHYK5LBBXX;8;2;38.49377987441197;6.079436070606334;25743059
MMA056_RNA;190208_K00376_0054_AH2YTNBBXY;6;1;39.94673226499916;3.4112343309398203;31557916
MMA056_RNA;190208_K00376_0054_AH2YTNBBXY;6;2;39.461429410822525;4.4396997900637265;31557916
MMA057_RNA;190208_K00376_0054_AH2YTNBBXY;4;1;39.87452887041502;3.5539436579035235;28626381
MMA057_RNA;190208_K00376_0054_AH2YTNBBXY;4;2;39.188524130940614;4.941181026350217;28626381
MMA058_RNA;190208_K00376_0055_BHYKCCBBXX;8;1;39.75262832965832;3.783479701163923;18579071
MMA058_RNA;190208_K00376_0055_BHYKCCBBXX;8;2;38.793088682062375;5.5719626763662635;18579071
MMA058_RNA;190220_K00377_0063_AH3T23BBXY;1;1;39.88924485588666;3.5510985969054096;5372970
MMA058_RNA;190220_K00377_0063_AH3T23BBXY;1;2;38.89749719552997;5.5132847343912745;5372970
MMA058_RNA;190220_K00377_0063_AH3T23BBXY;2;1;39.8414744039679;3.6539659329297915;5309879
MMA058_RNA;190220_K00377_0063_AH3T23BBXY;2;2;39.085735035895674;5.200994120149686;5309879
MMA060_RNA;190211_K00376_0057_BHYK5LBBXX;3;1;39.88642947104777;3.5331918176946964;42195102
MMA060_RNA;190211_K00376_0057_BHYK5LBBXX;3;2;38.97751268318615;5.309314717940608;42195102
MMA061_RNA;190208_K00376_0054_AH2YTNBBXY;5;1;39.98381297461676;3.33027054388298;30770440
MMA061_RNA;190208_K00376_0054_AH2YTNBBXY;5;2;39.40239934387245;4.522173286173294;30770440
MMA062_RNA;190211_K00376_0057_BHYK5LBBXX;3;1;39.919696901281355;3.447181580504831;43490869
MMA062_RNA;190211_K00376_0057_BHYK5LBBXX;3;2;38.94776582980364;5.395460750883173;43490869
MMA063_RNA;190208_K00376_0055_BHYKCCBBXX;4;1;28.66;9.966174816569579;18
MMA063_RNA;190208_K00376_0055_BHYKCCBBXX;4;2;25.392592592592592;10.475851220951132;18
MMA063_RNA;190211_K00376_0057_BHYK5LBBXX;8;1;39.78117750227935;3.695759085327236;56863805
MMA063_RNA;190211_K00376_0057_BHYK5LBBXX;8;2;38.57102066736477;5.9974066177742795;56863805
MMA064_RNA;190208_K00376_0054_AH2YTNBBXY;4;1;39.8826494283538;3.5243418629008803;26902246
MMA064_RNA;190208_K00376_0054_AH2YTNBBXY;4;2;39.398548304603764;4.593350906140018;26902246
MMA065_RNA;190208_K00376_0055_BHYKCCBBXX;3;1;39.81381160899824;3.640273860301248;70329594
MMA065_RNA;190208_K00376_0055_BHYKCCBBXX;3;2;38.99264716547821;5.273190036175255;70329594
MMA066_RNA;190208_K00376_0055_BHYKCCBBXX;8;1;39.78133234981647;3.7269069568268534;28227952
MMA066_RNA;190208_K00376_0055_BHYKCCBBXX;8;2;38.82623992039286;5.505713164606935;28227952
MMA067_RNA;190208_K00376_0055_BHYKCCBBXX;4;1;29.14666666666667;10.10253617687966;10
MMA067_RNA;190208_K00376_0055_BHYKCCBBXX;4;2;25.613333333333333;10.384970825554545;10
MMA067_RNA;190211_K00376_0057_BHYK5LBBXX;8;1;39.791589428896565;3.6829276878261625;28749859
MMA067_RNA;190211_K00376_0057_BHYK5LBBXX;8;2;38.48037347754181;6.084918622477084;28749859
MMA068_RNA;190208_K00376_0054_AH2YTNBBXY;1;1;39.94513790753938;3.39331025365424;25936931
MMA068_RNA;190208_K00376_0054_AH2YTNBBXY;1;2;38.22535717840583;6.378798097364707;25936931
MMA069_RNA;190208_K00376_0054_AH2YTNBBXY;2;1;39.884671560326375;3.5020529170476;31347228
MMA069_RNA;190208_K00376_0054_AH2YTNBBXY;2;2;39.25576978863968;4.790337661184046;31347228
MMA070_RNA;190208_K00376_0054_AH2YTNBBXY;2;1;39.93002685929999;3.4262879169407703;29131685
MMA070_RNA;190208_K00376_0054_AH2YTNBBXY;2;2;39.25799629189546;4.836852738453719;29131685
MMA071_RNA;190208_K00376_0054_AH2YTNBBXY;3;1;39.930424584293725;3.4303382842110866;39126043
MMA071_RNA;190208_K00376_0054_AH2YTNBBXY;3;2;39.301906856600176;4.744655554687108;39126043
MMA072_RNA;190208_K00376_0055_BHYKCCBBXX;1;1;39.76443880359618;3.742135320372447;21961236
MMA072_RNA;190208_K00376_0055_BHYKCCBBXX;1;2;38.228999942140476;6.310800347867705;21961236
MMA072_RNA;190220_K00377_0063_AH3T23BBXY;1;1;39.92336575185257;3.464727185325014;4994676
MMA072_RNA;190220_K00377_0063_AH3T23BBXY;1;2;38.87360166438557;5.490408941002698;4994676
MMA072_RNA;190220_K00377_0063_AH3T23BBXY;2;1;39.883443338608544;3.5464799951494985;4926188
MMA072_RNA;190220_K00377_0063_AH3T23BBXY;2;2;39.05455224201756;5.195870899232811;4926188
MMA073_RNA;190208_K00376_0055_BHYKCCBBXX;5;1;39.92617656168721;3.4529675882306368;14584440
MMA073_RNA;190208_K00376_0055_BHYKCCBBXX;5;2;39.259694553921854;4.842071049893962;14584440
MMA073_RNA;190220_K00377_0063_AH3T23BBXY;1;1;39.92934311822417;3.4710193334466513;18712251
MMA073_RNA;190220_K00377_0063_AH3T23BBXY;1;2;39.10616558959155;5.1722890031828666;18712251
MMA073_RNA;190220_K00377_0063_AH3T23BBXY;2;1;39.88835166336454;3.5591183209413884;18270018
MMA073_RNA;190220_K00377_0063_AH3T23BBXY;2;2;39.27808372529609;4.871704762763249;18270018
MMA074_RNA;190208_K00376_0055_BHYKCCBBXX;8;1;39.78462105073438;3.718372378240463;36859490
MMA074_RNA;190208_K00376_0055_BHYKCCBBXX;8;2;38.84330012451791;5.476570013652401;36859490
MMA075_RNA;190208_K00376_0055_BHYKCCBBXX;2;1;39.78034574029935;3.725003875945308;28108188
MMA075_RNA;190208_K00376_0055_BHYKCCBBXX;2;2;39.05728613029058;5.162173658886242;28108188
MMA076_RNA;190208_K00376_0054_AH2YTNBBXY;8;2;39.09943781057778;5.158953234187225;40803922
MMA077_RNA;190208_K00376_0054_AH2YTNBBXY;7;1;39.97607056255402;3.3466357863051517;33173478
MMA077_RNA;190208_K00376_0054_AH2YTNBBXY;7;2;39.61298864592974;4.192897903759032;33173478
MMA079_RNA;190208_K00376_0054_AH2YTNBBXY;1;1;39.91012683494081;3.4752619168946715;33551559
MMA079_RNA;190208_K00376_0054_AH2YTNBBXY;1;2;38.22418880744111;6.465075492414157;33551559
MMA080_RNA;190208_K00376_0054_AH2YTNBBXY;7;1;39.867320292504196;3.5432985824440735;34936889
MMA080_RNA;190208_K00376_0054_AH2YTNBBXY;7;2;39.46026960404708;4.462768360827147;34936889
MMA081_RNA;190208_K00376_0055_BHYKCCBBXX;6;1;39.95723704161939;3.4031207366251395;30760473
MMA081_RNA;190208_K00376_0055_BHYKCCBBXX;6;2;39.308373957275194;4.759218830622448;30760473
MMA082_RNA;190208_K00376_0055_BHYKCCBBXX;1;1;39.76612378568394;3.7393583482734365;28632304
MMA082_RNA;190208_K00376_0055_BHYKCCBBXX;1;2;38.31267667689847;6.196291918772529;28632304
MMA083_RNA;190211_K00376_0057_BHYK5LBBXX;2;1;39.966893148975515;3.363850438390447;26851045
MMA083_RNA;190211_K00376_0057_BHYK5LBBXX;2;2;39.40176585504711;4.586661003922865;26851045
MMA084_RNA;190211_K00376_0057_BHYK5LBBXX;2;1;39.868938741846605;3.5327149799462703;35147675
MMA084_RNA;190211_K00376_0057_BHYK5LBBXX;2;2;39.19324949905411;4.969547279853996;35147675
MMA085_RNA;190208_K00376_0055_BHYKCCBBXX;5;1;39.87019167552805;3.5574908926201494;39057116
MMA085_RNA;190208_K00376_0055_BHYKCCBBXX;5;2;39.01675153792717;5.241683128231979;39057116
MMA086_RNA;190208_K00376_0054_AH2YTNBBXY;6;1;39.961137338138165;3.3817671520220083;32724258
MMA086_RNA;190208_K00376_0054_AH2YTNBBXY;6;2;39.468183913800786;4.45051179212566;32724258
MMA087_RNA;190208_K00376_0054_AH2YTNBBXY;1;1;39.91814133302821;3.44156611696358;39590510
MMA087_RNA;190208_K00376_0054_AH2YTNBBXY;1;2;38.16020466621925;6.459275952237735;39590510
MMA088_RNA;190208_K00376_0054_AH2YTNBBXY;6;1;39.957377516033596;3.38233308366563;33346385
MMA088_RNA;190208_K00376_0054_AH2YTNBBXY;6;2;39.445206491398295;4.487010606677523;33346385
MMA090_RNA;190208_K00376_0054_AH2YTNBBXY;7;1;39.95968916727382;3.3773028454926677;25714195
MMA090_RNA;190208_K00376_0054_AH2YTNBBXY;7;2;39.38562172268404;4.566150651908554;25714195
MMA091_RNA;190211_K00376_0057_BHYK5LBBXX;2;1;39.869651081568016;3.5474543820760887;40517378
MMA091_RNA;190211_K00376_0057_BHYK5LBBXX;2;2;39.15296873784215;5.027573182120893;40517378
MMA092_RNA;190208_K00376_0054_AH2YTNBBXY;8;1;39.92939715915068;3.429724546870687;28646527
MMA092_RNA;190208_K00376_0054_AH2YTNBBXY;8;2;39.08745067165268;5.194658697126985;28646527
MMA093_RNA;190208_K00376_0054_AH2YTNBBXY;7;1;39.86030983547257;3.539025030609558;30096683
MMA093_RNA;190208_K00376_0054_AH2YTNBBXY;7;2;39.34088756071004;4.728967714568929;30096683
MMA094_RNA;190208_K00376_0054_AH2YTNBBXY;3;1;39.91345601677085;3.4714821355767307;34640101
MMA094_RNA;190208_K00376_0054_AH2YTNBBXY;3;2;39.416482597438154;4.5801670034065065;34640101
MMA095_RNA;190208_K00376_0054_AH2YTNBBXY;7;1;39.66392496656729;3.870776965255786;31073615
MMA095_RNA;190208_K00376_0054_AH2YTNBBXY;7;2;39.08447433918884;5.030657385657011;31073615
MMA096_RNA;190208_K00376_0054_AH2YTNBBXY;7;1;39.9417185679782;3.40815949564349;29643599
MMA096_RNA;190208_K00376_0054_AH2YTNBBXY;7;2;39.346739372188466;4.646403450424757;29643599
MMA097_RNA;190208_K00376_0055_BHYKCCBBXX;8;1;39.77976751530817;3.7303846597873163;33281073
MMA097_RNA;190208_K00376_0055_BHYKCCBBXX;8;2;38.844528747014856;5.504048729986574;33281073
MMA098_RNA;190208_K00376_0054_AH2YTNBBXY;8;1;39.94181465043476;3.4118161242580567;38474749
MMA098_RNA;190208_K00376_0054_AH2YTNBBXY;8;2;39.2694268735407;4.933546435473821;38474749
MMA099_RNA;190208_K00376_0055_BHYKCCBBXX;8;1;39.78561019512541;3.720812047720134;25895722
MMA099_RNA;190208_K00376_0055_BHYKCCBBXX;8;2;38.90638461287158;5.44664448205775;25895722
MMA100_RNA;190208_K00376_0054_AH2YTNBBXY;3;1;39.90958227676225;3.47850204096267;33568494
MMA100_RNA;190208_K00376_0054_AH2YTNBBXY;3;2;39.34756023867698;4.692030256275022;33568494
MMA101_RNA;190208_K00376_0055_BHYKCCBBXX;3;1;39.85714170359876;3.556453448637578;45010767
MMA101_RNA;190208_K00376_0055_BHYKCCBBXX;3;2;39.12227949755518;5.080724550530448;45010767
MMA102_RNA;190208_K00376_0055_BHYKCCBBXX;1;1;39.75995724790227;3.767309972478027;47766545
MMA102_RNA;190208_K00376_0055_BHYKCCBBXX;1;2;38.43494059199802;6.064034386021323;47766545
MMA103_RNA;190208_K00376_0055_BHYKCCBBXX;3;1;39.86985464261966;3.5385236594801266;16736772
MMA103_RNA;190208_K00376_0055_BHYKCCBBXX;3;2;39.162497544130176;5.003653691858552;16736772
MMA103_RNA;190220_K00377_0063_AH3T23BBXY;1;1;39.96732685924516;3.388150787263296;15229738
MMA103_RNA;190220_K00377_0063_AH3T23BBXY;1;2;39.16449636537849;5.067309618968413;15229738
MMA103_RNA;190220_K00377_0063_AH3T23BBXY;2;1;39.92709543211105;3.4753284268193294;14932018
MMA103_RNA;190220_K00377_0063_AH3T23BBXY;2;2;39.33542568280679;4.758573192147119;14932018
MMA104_RNA;190208_K00376_0055_BHYKCCBBXX;6;1;39.946798904611214;3.419812251241912;31934354
MMA104_RNA;190208_K00376_0055_BHYKCCBBXX;6;2;39.222218329514355;4.874118913784588;31934354
MMA105_RNA;190208_K00376_0054_AH2YTNBBXY;2;1;39.90564068332655;3.46723848984489;33443532
MMA105_RNA;190208_K00376_0054_AH2YTNBBXY;2;2;39.23477792237973;4.8467618058932525;33443532
MMA106_RNA;190208_K00376_0055_BHYKCCBBXX;6;1;39.967904672968004;3.3856314764937148;30041678
MMA106_RNA;190208_K00376_0055_BHYKCCBBXX;6;2;39.2341933554222;4.87279616789109;30041678
MMA107_RNA;190208_K00376_0055_BHYKCCBBXX;6;1;39.30634568065333;4.480875282895521;20945004
MMA107_RNA;190208_K00376_0055_BHYKCCBBXX;6;2;39.051026019060835;5.118488444216442;20945004
MMA107_RNA;190220_K00377_0063_AH3T23BBXY;1;1;39.56742655669248;4.100160408270264;3350362
MMA107_RNA;190220_K00377_0063_AH3T23BBXY;1;2;38.855605282852025;5.536556757168668;3350362
MMA107_RNA;190220_K00377_0063_AH3T23BBXY;2;1;39.384902349239646;4.396005652708312;3325388
MMA107_RNA;190220_K00377_0063_AH3T23BBXY;2;2;39.009779955501934;5.276808732893626;3325388
MMA108_RNA;190208_K00376_0054_AH2YTNBBXY;4;1;39.86073768553033;3.566548605080622;29622740
MMA108_RNA;190208_K00376_0054_AH2YTNBBXY;4;2;39.23727211054751;4.886820925099336;29622740
MMA110_RNA;190208_K00376_0054_AH2YTNBBXY;2;1;39.901680883291725;3.4707834736083436;26939352
MMA110_RNA;190208_K00376_0054_AH2YTNBBXY;2;2;39.18698429865722;4.923375507134623;26939352
MMA111_RNA;190208_K00376_0054_AH2YTNBBXY;3;1;39.917431043667506;3.442196433452717;27501233
MMA111_RNA;190208_K00376_0054_AH2YTNBBXY;3;2;39.33827774582568;4.642700696265929;27501233
MMA112_RNA;190208_K00376_0055_BHYKCCBBXX;8;1;39.80551290958253;3.6927631031487493;29295693
MMA112_RNA;190208_K00376_0055_BHYKCCBBXX;8;2;39.085831844291924;5.177335821153186;29295693
MMA113_RNA;190208_K00376_0055_BHYKCCBBXX;2;1;39.81814478989212;3.6723420756784715;22057304
MMA113_RNA;190208_K00376_0055_BHYKCCBBXX;2;2;39.11599587631683;5.113385925466663;22057304
MMA113_RNA;190220_K00377_0063_AH3T23BBXY;1;1;39.93772796934587;3.457924052373715;5492332
MMA113_RNA;190220_K00377_0063_AH3T23BBXY;1;2;39.04218643495453;5.291860687040826;5492332
MMA113_RNA;190220_K00377_0063_AH3T23BBXY;2;1;39.89540023712014;3.549846872912206;5436344
MMA113_RNA;190220_K00377_0063_AH3T23BBXY;2;2;39.2249239930365;4.973803526855621;5436344
MMA114_RNA;190208_K00376_0055_BHYKCCBBXX;3;1;39.85749516703366;3.5552062201882295;95086013
MMA114_RNA;190208_K00376_0055_BHYKCCBBXX;3;2;39.198316149260215;4.933609790174935;95086013
MMA115_RNA;190208_K00376_0055_BHYKCCBBXX;7;1;39.77522603715818;3.715824842162628;22206489
MMA115_RNA;190208_K00376_0055_BHYKCCBBXX;7;2;39.01298227618663;5.210453035662263;22206489
MMA115_RNA;190220_K00377_0063_AH3T23BBXY;1;1;39.93059607302289;3.4605906087509783;3776204
MMA115_RNA;190220_K00377_0063_AH3T23BBXY;1;2;39.004774922117555;5.313770656525587;3776204
MMA115_RNA;190220_K00377_0063_AH3T23BBXY;2;1;39.89172935534817;3.544624016859161;3714041
MMA115_RNA;190220_K00377_0063_AH3T23BBXY;2;2;39.193545445513394;4.9886971036777545;3714041
MMA116_RNA;190208_K00376_0054_AH2YTNBBXY;4;1;39.85792284400602;3.5753659193172576;29036638
MMA116_RNA;190208_K00376_0054_AH2YTNBBXY;4;2;39.23400748392427;4.871595119722652;29036638
MMA117_RNA;190208_K00376_0054_AH2YTNBBXY;4;1;39.87809425850927;3.5380471212836473;32132137
MMA117_RNA;190208_K00376_0054_AH2YTNBBXY;4;2;39.3391519731995;4.7093947697799745;32132137
MMA118_RNA;190208_K00376_0055_BHYKCCBBXX;6;1;39.96629821450446;3.3931971744453877;38100758
MMA118_RNA;190208_K00376_0055_BHYKCCBBXX;6;2;39.193746065629455;4.970917128738004;38100758
MMA119_RNA;190208_K00376_0055_BHYKCCBBXX;7;1;39.77974543946422;3.7253752924167682;16422577
MMA119_RNA;190208_K00376_0055_BHYKCCBBXX;7;2;39.306622455984424;4.708358758598695;16422577
MMA119_RNA;190220_K00377_0063_AH3T23BBXY;1;1;39.93173084634682;3.474561836172052;8103837
MMA119_RNA;190220_K00377_0063_AH3T23BBXY;1;2;39.33211089841351;4.755944410407691;8103837
MMA119_RNA;190220_K00377_0063_AH3T23BBXY;2;1;39.885589635623326;3.570153293490601;8069461
MMA119_RNA;190220_K00377_0063_AH3T23BBXY;2;2;39.49195149465373;4.4507361109023025;8069461
MMA120_RNA;190208_K00376_0054_AH2YTNBBXY;7;1;39.988082558902796;3.3149286511764826;26635916
MMA120_RNA;190208_K00376_0054_AH2YTNBBXY;7;2;39.518541839021665;4.346374653006944;26635916
MMA121_RNA;190208_K00376_0054_AH2YTNBBXY;8;1;39.95356891645062;3.3794176540485354;35585091
MMA121_RNA;190208_K00376_0054_AH2YTNBBXY;8;2;39.185648000356856;4.994260378926822;35585091
MMA122_RNA;190211_K00376_0057_BHYK5LBBXX;1;1;39.8955859566474;3.4862249886490875;43938188
MMA122_RNA;190211_K00376_0057_BHYK5LBBXX;1;2;39.03634368809201;5.188535579966097;43938188
MMA124_RNA;190208_K00376_0054_AH2YTNBBXY;5;1;39.98478952248944;3.344977358261474;26533682
MMA124_RNA;190208_K00376_0054_AH2YTNBBXY;5;2;39.478832477653626;4.437817254775315;26533682
MMA125_RNA;190208_K00376_0055_BHYKCCBBXX;6;1;39.93286402480672;3.4575330317892567;24027037
MMA125_RNA;190208_K00376_0055_BHYKCCBBXX;6;2;39.160823046137565;4.996974529791266;24027037
MMA126_RNA;190208_K00376_0055_BHYKCCBBXX;7;1;39.76483626305921;3.7405591158191407;21809037
MMA126_RNA;190208_K00376_0055_BHYKCCBBXX;7;2;39.05124440417368;5.220059198525076;21809037
MMA126_RNA;190220_K00377_0063_AH3T23BBXY;1;1;39.92844108722344;3.475876616755768;4164026
MMA126_RNA;190220_K00377_0063_AH3T23BBXY;1;2;39.06777880829755;5.263891230305965;4164026
MMA126_RNA;190220_K00377_0063_AH3T23BBXY;2;1;39.88543933000447;3.5676832307721478;4084883
MMA126_RNA;190220_K00377_0063_AH3T23BBXY;2;2;39.23957302408253;4.966234924039788;4084883
MMA127_RNA;190208_K00376_0055_BHYKCCBBXX;3;1;39.84196615961541;3.588851562600395;12263060
MMA127_RNA;190208_K00376_0055_BHYKCCBBXX;3;2;39.01082453917157;5.250097730573921;12263060
MMA127_RNA;190220_K00377_0063_AH3T23BBXY;1;1;39.93214132884363;3.4532178723902587;22141326
MMA127_RNA;190220_K00377_0063_AH3T23BBXY;1;2;39.04150184982899;5.274928382040942;22141326
MMA127_RNA;190220_K00377_0063_AH3T23BBXY;2;1;39.893035798425714;3.536190716570185;21543601
MMA127_RNA;190220_K00377_0063_AH3T23BBXY;2;2;39.21426619130819;4.977388801788001;21543601
MMA128_RNA;190208_K00376_0055_BHYKCCBBXX;5;1;39.922445020698575;3.4413704546391193;39196827
MMA128_RNA;190208_K00376_0055_BHYKCCBBXX;5;2;39.154070495212956;4.974862401484656;39196827
MMA129_RNA;190211_K00376_0057_BHYK5LBBXX;1;1;39.84991525617929;3.5742268003101705;43245749
MMA129_RNA;190211_K00376_0057_BHYK5LBBXX;1;2;38.92296051942585;5.359818401307506;43245749
MMA130_RNA;190208_K00376_0054_AH2YTNBBXY;1;1;39.92746345150691;3.4232441677495675;30858477
MMA130_RNA;190208_K00376_0054_AH2YTNBBXY;1;2;38.32716291517995;6.274969630697481;30858477
MMA131_RNA;190211_K00376_0057_BHYK5LBBXX;3;1;39.93839651987957;3.4063142928673122;45411302
MMA131_RNA;190211_K00376_0057_BHYK5LBBXX;3;2;39.20043629667346;4.914964426723645;45411302
MMA132_RNA;190208_K00376_0054_AH2YTNBBXY;5;1;40.01880242910338;3.258158286345885;32097440
MMA132_RNA;190208_K00376_0054_AH2YTNBBXY;5;2;39.49391674891622;4.362782218734494;32097440
MMA133_RNA;190208_K00376_0054_AH2YTNBBXY;3;1;39.9080755578299;3.4716309519014454;34010188
MMA133_RNA;190208_K00376_0054_AH2YTNBBXY;3;2;39.26329138707887;4.812834968843782;34010188
MMA134_RNA;190208_K00376_0054_AH2YTNBBXY;4;1;39.88857601643242;3.525172655714904;29897323
MMA134_RNA;190208_K00376_0054_AH2YTNBBXY;4;2;39.379840352038656;4.660095562862972;29897323
MMA135_RNA;190208_K00376_0055_BHYKCCBBXX;3;1;39.81414597090708;3.628046733029129;30322677
MMA135_RNA;190208_K00376_0055_BHYKCCBBXX;3;2;38.904400235287056;5.39227381692928;30322677
MMA136_RNA;190208_K00376_0055_BHYKCCBBXX;2;1;39.7769774202261;3.7480068688005;6911200
MMA136_RNA;190208_K00376_0055_BHYKCCBBXX;2;2;38.976848354362005;5.321214892208928;6911200
MMA136_RNA;190220_K00377_0063_AH3T23BBXY;1;1;39.89795061039703;3.5346496478971563;19747584
MMA136_RNA;190220_K00377_0063_AH3T23BBXY;1;2;38.896017515864216;5.503533339623742;19747584
MMA136_RNA;190220_K00377_0063_AH3T23BBXY;2;1;39.845952046232824;3.649081325939938;19493220
MMA136_RNA;190220_K00377_0063_AH3T23BBXY;2;2;39.082272876415495;5.190758747820221;19493220
MMA137_RNA;190208_K00376_0055_BHYKCCBBXX;6;1;39.931828743765536;3.4446066831146136;35452140
MMA137_RNA;190208_K00376_0055_BHYKCCBBXX;6;2;39.1320198163872;5.017997880491409;35452140
MMA138_RNA;190211_K00376_0057_BHYK5LBBXX;1;1;39.89734189517379;3.485291519177271;44394349
MMA138_RNA;190211_K00376_0057_BHYK5LBBXX;1;2;39.02019661616542;5.247483299551497;44394349
MMA139_RNA;190208_K00376_0054_AH2YTNBBXY;7;1;39.956523396116374;3.3830272736442817;31091200
MMA139_RNA;190208_K00376_0054_AH2YTNBBXY;7;2;39.49517691608344;4.384002097657069;31091200
MMA140_RNA;190208_K00376_0055_BHYKCCBBXX;1;1;39.76299981730427;3.744045800162219;33620563
MMA140_RNA;190208_K00376_0055_BHYKCCBBXX;1;2;38.34640767953033;6.165572662197754;33620563
MMA141_RNA;190208_K00376_0054_AH2YTNBBXY;3;1;39.92671648894473;3.4334050863197767;25664155
MMA141_RNA;190208_K00376_0054_AH2YTNBBXY;3;2;39.28270319076029;4.769734622649971;25664155
MMA142_RNA;190208_K00376_0055_BHYKCCBBXX;5;1;39.8993632450283;3.49742528796807;75997365
MMA142_RNA;190208_K00376_0055_BHYKCCBBXX;5;2;39.056966659129124;5.16596934405447;75997365
MMA142_RNA;190218_K00376_0058_AH3N5LBBXY;7;1;39.774154359116615;3.7094181728957247;20757042
MMA142_RNA;190218_K00376_0058_AH3N5LBBXY;7;2;39.439064638721966;4.512991512216706;20757042
MMA143_RNA;190208_K00376_0055_BHYKCCBBXX;7;1;39.73652178855543;3.7803507709156405;27352234
MMA143_RNA;190208_K00376_0055_BHYKCCBBXX;7;2;38.8713268612721;5.458231628261746;27352234
MMA144_RNA;190208_K00376_0055_BHYKCCBBXX;4;1;26.033333333333335;10.129629643747517;16
MMA144_RNA;190208_K00376_0055_BHYKCCBBXX;4;2;24.610833333333332;9.99379537148733;16
MMA144_RNA;190211_K00376_0057_BHYK5LBBXX;8;1;39.76476692511433;3.72358648802857;23860021
MMA144_RNA;190211_K00376_0057_BHYK5LBBXX;8;2;38.37973665097221;6.215004332400157;23860021
MMA144_RNA;190220_K00377_0063_AH3T23BBXY;1;1;39.92495325513727;3.466155122571132;3644429
MMA144_RNA;190220_K00377_0063_AH3T23BBXY;1;2;38.98288409331978;5.343809990659642;3644429
MMA144_RNA;190220_K00377_0063_AH3T23BBXY;2;1;39.88222067009664;3.5592330908278105;3573594
MMA144_RNA;190220_K00377_0063_AH3T23BBXY;2;2;39.167320596575884;5.028491947803494;3573594
MMA145_RNA;190208_K00376_0054_AH2YTNBBXY;4;1;39.88368018374625;3.5228121215957517;42128824
MMA145_RNA;190208_K00376_0054_AH2YTNBBXY;4;2;39.365826593846215;4.66820925226772;42128824
MMA146_RNA;190208_K00376_0054_AH2YTNBBXY;5;1;39.987879204273824;3.327309295444521;47105618
MMA146_RNA;190208_K00376_0054_AH2YTNBBXY;5;2;39.43838027670783;4.485198719746033;47105618
MMA147_RNA;190208_K00376_0055_BHYKCCBBXX;6;1;39.81492182315742;3.6652628404896195;34326171
MMA147_RNA;190208_K00376_0055_BHYKCCBBXX;6;2;39.4194921385202;4.495608994075782;34326171
MMA148_RNA;190208_K00376_0054_AH2YTNBBXY;2;1;39.90710145281517;3.4617040146802642;29396490
MMA148_RNA;190208_K00376_0054_AH2YTNBBXY;2;2;39.127991797660194;4.99659400574021;29396490
MMA149_RNA;190208_K00376_0054_AH2YTNBBXY;1;1;39.89335888804158;3.4927850486703242;33434152
MMA149_RNA;190208_K00376_0054_AH2YTNBBXY;1;2;37.950946155495934;6.720022407684551;33434152
MMA150_RNA;190211_K00376_0057_BHYK5LBBXX;1;1;39.87432350834534;3.515893928969275;42864887
MMA150_RNA;190211_K00376_0057_BHYK5LBBXX;1;2;38.8978957516751;5.376875453400798;42864887
MMA151_RNA;190208_K00376_0055_BHYKCCBBXX;4;1;28.006666666666668;10.057784106581032;12
MMA151_RNA;190208_K00376_0055_BHYKCCBBXX;4;2;26.584444444444443;10.618292934945098;12
MMA151_RNA;190211_K00376_0057_BHYK5LBBXX;8;1;39.80296316507042;3.653125623462547;23287941
MMA151_RNA;190211_K00376_0057_BHYK5LBBXX;8;2;38.634127467659475;5.897021267934562;23287941
MMA151_RNA;190220_K00377_0063_AH3T23BBXY;1;1;39.94379531785339;3.4337490587798567;4517287
MMA151_RNA;190220_K00377_0063_AH3T23BBXY;1;2;39.19415092879126;5.034244042293911;4517287
MMA151_RNA;190220_K00377_0063_AH3T23BBXY;2;1;39.90091651031115;3.527232385524136;4407690
MMA151_RNA;190220_K00377_0063_AH3T23BBXY;2;2;39.363099613024815;4.72850055801693;4407690
MMA152_RNA;190208_K00376_0054_AH2YTNBBXY;1;1;39.92597908645189;3.426379212656575;37680869
MMA152_RNA;190208_K00376_0054_AH2YTNBBXY;1;2;38.252032656324;6.392177439714024;37680869
MMA153_RNA;190211_K00376_0057_BHYK5LBBXX;2;1;39.877853720431006;3.5368933078743243;43902718
MMA153_RNA;190211_K00376_0057_BHYK5LBBXX;2;2;39.19890783375492;4.940715465417511;43902718
MMA154_RNA;190208_K00376_0055_BHYKCCBBXX;5;1;39.93437406102255;3.4362642080516945;40118775
MMA154_RNA;190208_K00376_0055_BHYKCCBBXX;5;2;39.21223670895568;4.926424004111541;40118775
MMA155_RNA;190208_K00376_0055_BHYKCCBBXX;3;1;39.84432533890168;3.588163340015109;12117059
MMA155_RNA;190208_K00376_0055_BHYKCCBBXX;3;2;39.228990851107795;4.907138756890113;12117059
MMA155_RNA;190220_K00377_0063_AH3T23BBXY;1;1;39.939280174643166;3.4500304143681744;22370491
MMA155_RNA;190220_K00377_0063_AH3T23BBXY;1;2;39.211377301165776;5.017972633084312;22370491
MMA155_RNA;190220_K00377_0063_AH3T23BBXY;2;1;39.896928191353105;3.5426308362188;21795546
MMA155_RNA;190220_K00377_0063_AH3T23BBXY;2;2;39.38311212942314;4.703380845554116;21795546
MMA156_RNA;190208_K00376_0054_AH2YTNBBXY;5;1;39.974890791932516;3.3611704437506784;35483276
MMA156_RNA;190208_K00376_0054_AH2YTNBBXY;5;2;39.407916187520755;4.645788154115832;35483276
MMA157_RNA;190208_K00376_0055_BHYKCCBBXX;6;1;39.95731844106931;3.405790798796996;27664296
MMA157_RNA;190208_K00376_0055_BHYKCCBBXX;6;2;39.35662634995905;4.6557274227434;27664296
MMA158_RNA;190208_K00376_0055_BHYKCCBBXX;1;1;39.78220041102889;3.708333963492876;62219633
MMA158_RNA;190208_K00376_0055_BHYKCCBBXX;1;2;38.39707868822263;6.132740204428619;62219633
MMA159_RNA;190211_K00376_0057_BHYK5LBBXX;1;1;39.88980817849602;3.491427230279968;29969789
MMA159_RNA;190211_K00376_0057_BHYK5LBBXX;1;2;39.02648720772331;5.204684119620315;29969789
MMA160_RNA;190208_K00376_0055_BHYKCCBBXX;3;1;39.83767363969919;3.6011278781405744;27681261
MMA160_RNA;190208_K00376_0055_BHYKCCBBXX;3;2;39.033307494674226;5.225238181367059;27681261
MMA161_RNA;190208_K00376_0055_BHYKCCBBXX;5;1;39.90072908934858;3.488302885364305;55458132
MMA161_RNA;190208_K00376_0055_BHYKCCBBXX;5;2;39.13007081378075;5.014366069886034;55458132
MMA162_RNA;190211_K00376_0057_BHYK5LBBXX;3;1;39.94827132263453;3.385576150865121;38000835
MMA162_RNA;190211_K00376_0057_BHYK5LBBXX;3;2;39.11575668236413;5.116555279493967;38000835
MMA163_RNA;190211_K00376_0057_BHYK5LBBXX;2;1;39.89044351193155;3.508862609950585;48084411
MMA163_RNA;190211_K00376_0057_BHYK5LBBXX;2;2;39.20008332707524;4.9870912290349985;48084411
MMA164_RNA;190218_K00376_0058_AH3N5LBBXY;8;1;39.65406981344912;3.916533272713141;28564754
MMA164_RNA;190218_K00376_0058_AH3N5LBBXY;8;2;38.841413366043106;5.494526478214315;28564754
MMA165_RNA;190208_K00376_0055_BHYKCCBBXX;1;1;39.7750378120945;3.7322471472302743;23921667
MMA165_RNA;190208_K00376_0055_BHYKCCBBXX;1;2;38.40329383176627;6.087075934388086;23921667
MMA165_RNA;190220_K00377_0063_AH3T23BBXY;1;1;39.91860723969615;3.4901480895606274;3329532
MMA165_RNA;190220_K00377_0063_AH3T23BBXY;1;2;38.96326895591733;5.38669187014342;3329532
MMA165_RNA;190220_K00377_0063_AH3T23BBXY;2;1;39.87146898549732;3.589701328774869;3270384
MMA165_RNA;190220_K00377_0063_AH3T23BBXY;2;2;39.14878203089709;5.073799968186382;3270384
MMA166_RNA;190208_K00376_0055_BHYKCCBBXX;8;1;39.7309303727455;3.812588834012911;45208049
MMA166_RNA;190208_K00376_0055_BHYKCCBBXX;8;2;38.78258981890592;5.56716576130551;45208049
MMA167_RNA;190208_K00376_0054_AH2YTNBBXY;6;1;39.9425599956561;3.422095540470484;33972529
MMA167_RNA;190208_K00376_0054_AH2YTNBBXY;6;2;39.37924581004847;4.6525397854923;33972529
MMA168_RNA;190208_K00376_0054_AH2YTNBBXY;5;1;39.98621051179473;3.3183439955618415;7249
MMA168_RNA;190208_K00376_0054_AH2YTNBBXY;5;2;39.58764335310617;4.206664769195135;7249
MMA168_RNA;190220_K00377_0063_AH3T23BBXY;1;1;39.911299238252006;3.484194024724266;16837502
MMA168_RNA;190220_K00377_0063_AH3T23BBXY;1;2;39.385686519690786;4.664844691665377;16837502
MMA168_RNA;190220_K00377_0063_AH3T23BBXY;2;1;39.85726925798346;3.5944059350141626;16740395
MMA168_RNA;190220_K00377_0063_AH3T23BBXY;2;2;39.548322179175976;4.342324388033625;16740395
MMA169_RNA;190208_K00376_0054_AH2YTNBBXY;7;1;39.97054804272195;3.35636402360668;32046571
MMA169_RNA;190208_K00376_0054_AH2YTNBBXY;7;2;39.46200371120309;4.460670405814389;32046571
MMA170_RNA;190208_K00376_0054_AH2YTNBBXY;2;1;39.90475304078769;3.474042047382598;24625308
MMA170_RNA;190208_K00376_0054_AH2YTNBBXY;2;2;39.233782631537714;4.840327141523633;24625308
MMA171_RNA;190208_K00376_0055_BHYKCCBBXX;3;1;39.86336176557848;3.5575395675506147;37179852
MMA171_RNA;190208_K00376_0055_BHYKCCBBXX;3;2;39.21439418604105;4.905270041792684;37179852
MMA172_RNA;190208_K00376_0054_AH2YTNBBXY;5;1;39.99372486178587;3.318485435785957;27455527
MMA172_RNA;190208_K00376_0054_AH2YTNBBXY;5;2;39.434883496742444;4.547706985763157;27455527
MMA173_RNA;190208_K00376_0054_AH2YTNBBXY;1;1;39.847472991000544;3.5877296652127852;29418898
MMA173_RNA;190208_K00376_0054_AH2YTNBBXY;1;2;38.183340546157325;6.472172114084634;29418898
MMA174_RNA;190208_K00376_0054_AH2YTNBBXY;7;1;39.9812996887254;3.325443570804825;34645829
MMA174_RNA;190208_K00376_0054_AH2YTNBBXY;7;2;39.56813704299008;4.254381947123837;34645829
MMA175_RNA;190208_K00376_0055_BHYKCCBBXX;7;1;39.51926939366834;4.12130379157654;20038516
MMA175_RNA;190208_K00376_0055_BHYKCCBBXX;7;2;39.06534602728732;5.133934510108851;20038516
MMA175_RNA;190220_K00377_0063_AH3T23BBXY;1;1;39.65416262249821;3.9478384467025993;5412732
MMA175_RNA;190220_K00377_0063_AH3T23BBXY;1;2;39.03830240994751;5.245829995619408;5412732
MMA175_RNA;190220_K00377_0063_AH3T23BBXY;2;1;39.5098029487711;4.193354888091287;5363952
MMA175_RNA;190220_K00377_0063_AH3T23BBXY;2;2;39.18001638592838;4.990876924322141;5363952
MMA176_RNA;190211_K00376_0057_BHYK5LBBXX;2;1;39.896937854855345;3.484852923079446;44674131
MMA176_RNA;190211_K00376_0057_BHYK5LBBXX;2;2;38.9937448990334;5.231267203309043;44674131
MMA177_RNA;190208_K00376_0054_AH2YTNBBXY;1;1;39.93474153310119;3.410611020503434;29670279
MMA177_RNA;190208_K00376_0054_AH2YTNBBXY;1;2;38.1822428983563;6.440794741286667;29670279
MMA178_RNA;190208_K00376_0054_AH2YTNBBXY;5;1;39.97826892019173;3.3482187986711183;38346678
MMA178_RNA;190208_K00376_0054_AH2YTNBBXY;5;2;39.489412986786846;4.387579442894183;38346678
MMA179_RNA;190208_K00376_0055_BHYKCCBBXX;2;1;39.78284939012412;3.7295047342013414;36639368
MMA179_RNA;190208_K00376_0055_BHYKCCBBXX;2;2;38.8959926848811;5.428884631030924;36639368
MMA180_RNA;190211_K00376_0057_BHYK5LBBXX;2;1;39.87789461839638;3.5206424963206517;65207156
MMA180_RNA;190211_K00376_0057_BHYK5LBBXX;2;2;39.147817891234716;5.070711453476705;65207156
MMA181_RNA;190208_K00376_0055_BHYKCCBBXX;8;1;39.80478880961739;3.685020939290281;31309838
MMA181_RNA;190208_K00376_0055_BHYKCCBBXX;8;2;38.830208528918824;5.535635995352983;31309838
MMA182_RNA;190208_K00376_0054_AH2YTNBBXY;6;1;39.96216645961908;3.374018009460853;30497819
MMA182_RNA;190208_K00376_0054_AH2YTNBBXY;6;2;39.42704557463601;4.515663195309291;30497819
MMA183_RNA;190208_K00376_0055_BHYKCCBBXX;1;1;39.76245169290629;3.763351281658861;43048888
MMA183_RNA;190208_K00376_0055_BHYKCCBBXX;1;2;38.57615673417627;5.877356748655173;43048888
MMA184_RNA;190208_K00376_0054_AH2YTNBBXY;7;1;39.95402261566703;3.392010527023244;30816690
MMA184_RNA;190208_K00376_0054_AH2YTNBBXY;7;2;39.5171630078809;4.372747944674585;30816690
MMA185_RNA;190208_K00376_0055_BHYKCCBBXX;7;1;39.73334845735669;3.774294754031443;91450974
MMA185_RNA;190208_K00376_0055_BHYKCCBBXX;7;2;39.05871351528744;5.145448977467162;91450974
MMA186_RNA;190208_K00376_0054_AH2YTNBBXY;4;1;39.897176101644895;3.505805919228338;29770021
MMA186_RNA;190208_K00376_0054_AH2YTNBBXY;4;2;39.32084654200725;4.71791952951204;29770021
MMA187_RNA;190208_K00376_0054_AH2YTNBBXY;8;1;39.939938953399704;3.4095143144305164;36357471
MMA187_RNA;190208_K00376_0054_AH2YTNBBXY;8;2;39.06439051128355;5.190170471952401;36357471
MMA188_RNA;190208_K00376_0055_BHYKCCBBXX;1;1;39.79292626469151;3.707268234694261;25554216
MMA188_RNA;190208_K00376_0055_BHYKCCBBXX;1;2;38.638930525854;5.819919812467942;25554216
MMA189_RNA;190208_K00376_0054_AH2YTNBBXY;6;1;39.93302416328646;3.424716192163871;34932017
MMA189_RNA;190208_K00376_0054_AH2YTNBBXY;6;2;39.57529959864613;4.224499813200755;34932017
MMA190_RNA;190208_K00376_0054_AH2YTNBBXY;6;1;39.8843613905551;3.5289689241668643;30344582
MMA190_RNA;190208_K00376_0054_AH2YTNBBXY;6;2;39.50964239524978;4.339619489288582;30344582
MMA191_RNA;190208_K00376_0054_AH2YTNBBXY;6;1;39.96220940224156;3.3812780539015903;27303560
MMA191_RNA;190208_K00376_0054_AH2YTNBBXY;6;2;39.41973341498325;4.554630737864788;27303560
MMA192_RNA;190208_K00376_0055_BHYKCCBBXX;4;1;28.32148148148148;10.092247995964295;9
MMA192_RNA;190208_K00376_0055_BHYKCCBBXX;4;2;25.746666666666666;10.295751190738939;9
MMA192_RNA;190211_K00376_0057_BHYK5LBBXX;8;1;39.77430869560296;3.7206548675309485;20910070
MMA192_RNA;190211_K00376_0057_BHYK5LBBXX;8;2;38.391662019942224;6.224985097936032;20910070
MMA192_RNA;190220_K00377_0063_AH3T23BBXY;1;1;39.91428554330285;3.509884095522007;6238442
MMA192_RNA;190220_K00377_0063_AH3T23BBXY;1;2;39.01515522625681;5.323401139301157;6238442
MMA192_RNA;190220_K00377_0063_AH3T23BBXY;2;1;39.873797364189;3.5968530950650694;6137997
MMA192_RNA;190220_K00377_0063_AH3T23BBXY;2;2;39.201341542960456;5.00520339883185;6137997
MMA193_RNA;190208_K00376_0055_BHYKCCBBXX;8;1;39.78532940222152;3.7217502538358618;41645555
MMA193_RNA;190208_K00376_0055_BHYKCCBBXX;8;2;38.949110273753504;5.311408366030685;41645555
MMA194_RNA;190208_K00376_0054_AH2YTNBBXY;3;1;39.90639982315231;3.4785255426285078;35691730
MMA194_RNA;190208_K00376_0054_AH2YTNBBXY;3;2;39.37239177815141;4.637407566148743;35691730
MMA195_RNA;190208_K00376_0055_BHYKCCBBXX;7;1;39.794360530980704;3.671282757645741;26779228
MMA195_RNA;190208_K00376_0055_BHYKCCBBXX;7;2;39.100487482810685;5.106077135375062;26779228
MMA196_RNA;190208_K00376_0055_BHYKCCBBXX;7;1;39.698573872072274;3.8172245466065595;24058183
MMA196_RNA;190208_K00376_0055_BHYKCCBBXX;7;2;39.10278644844736;5.150877471227206;24058183
MMA197_RNA;190208_K00376_0054_AH2YTNBBXY;8;1;39.95311835836144;3.3817205953186003;31207974
MMA197_RNA;190208_K00376_0054_AH2YTNBBXY;8;2;39.24447329305431;4.961494873546101;31207974
MMA198_RNA;190208_K00376_0055_BHYKCCBBXX;3;1;39.83113657050012;3.608741849378708;13879359
MMA198_RNA;190208_K00376_0055_BHYKCCBBXX;3;2;39.12242253550758;5.037068927798691;13879359
MMA198_RNA;190220_K00377_0063_AH3T23BBXY;1;1;39.93272232660889;3.4557858460020374;19223400
MMA198_RNA;190220_K00377_0063_AH3T23BBXY;1;2;39.14286570256389;5.07396021178059;19223400
MMA198_RNA;190220_K00377_0063_AH3T23BBXY;2;1;39.887565489407194;3.5535377910393495;18969480
MMA198_RNA;190220_K00377_0063_AH3T23BBXY;2;2;39.30837201722627;4.780639706142965;18969480
MMA199_RNA;190208_K00376_0055_BHYKCCBBXX;5;1;39.90287612650139;3.5001763059845508;9596933
MMA199_RNA;190208_K00376_0055_BHYKCCBBXX;5;2;39.12280833609376;5.081265589881132;9596933
MMA199_RNA;190220_K00377_0063_AH3T23BBXY;1;1;39.90253611301319;3.5246687035429916;25933634
MMA199_RNA;190220_K00377_0063_AH3T23BBXY;1;2;38.934876955539664;5.45335832523755;25933634
MMA199_RNA;190220_K00377_0063_AH3T23BBXY;2;1;39.86137326604731;3.6133791277188942;25512182
MMA199_RNA;190220_K00377_0063_AH3T23BBXY;2;2;39.125420847185865;5.134331092606325;25512182
MMA200_RNA;190208_K00376_0055_BHYKCCBBXX;4;1;24.17447619047619;11.3172126672237;35
MMA200_RNA;190208_K00376_0055_BHYKCCBBXX;4;2;23.242285714285714;10.950239206335079;35
MMA200_RNA;190211_K00376_0057_BHYK5LBBXX;8;1;39.712153728682125;3.8139758381225444;51613513
MMA200_RNA;190211_K00376_0057_BHYK5LBBXX;8;2;38.390141579912736;6.242353600662849;51613513
MMA201_RNA;190208_K00376_0054_AH2YTNBBXY;4;1;39.83288793212024;3.6230235252711704;31732738
MMA201_RNA;190208_K00376_0054_AH2YTNBBXY;4;2;39.20222318624591;4.923545584732492;31732738
MMA202_RNA;190208_K00376_0054_AH2YTNBBXY;2;1;39.63645281688859;3.898093157555642;34994799
MMA202_RNA;190208_K00376_0054_AH2YTNBBXY;2;2;39.21096388409032;4.906477833348736;34994799
MMA203_RNA;190208_K00376_0054_AH2YTNBBXY;1;1;39.93816115761184;3.4167098581538515;35230393
MMA203_RNA;190208_K00376_0054_AH2YTNBBXY;1;2;38.24610251949219;6.382302159267709;35230393
MMA204_RNA;190208_K00376_0055_BHYKCCBBXX;5;1;39.95906253289781;3.3801014516085846;12168363
MMA204_RNA;190208_K00376_0055_BHYKCCBBXX;5;2;39.38812736054417;4.637996589067182;12168363
MMA204_RNA;190220_K00377_0063_AH3T23BBXY;1;1;39.95591865736842;3.4104176783412803;20155204
MMA204_RNA;190220_K00377_0063_AH3T23BBXY;1;2;39.21050879365944;5.031882117939268;20155204
MMA204_RNA;190220_K00377_0063_AH3T23BBXY;2;1;39.916331532419676;3.4975502694445173;19897678
MMA204_RNA;190220_K00377_0063_AH3T23BBXY;2;2;39.387223774888035;4.706730872153313;19897678
MMA205_RNA;190208_K00376_0055_BHYKCCBBXX;2;1;39.20170925701185;4.546095716829638;32199199
MMA205_RNA;190208_K00376_0055_BHYKCCBBXX;2;2;38.67446061499853;5.695066042041143;32199199
MMA206_RNA;190208_K00376_0054_AH2YTNBBXY;5;1;40.000810344964904;3.292657068019728;39801469
MMA206_RNA;190208_K00376_0054_AH2YTNBBXY;5;2;39.5134210290915;4.3541585518643995;39801469
MMA208_RNA;190208_K00376_0055_BHYKCCBBXX;6;1;39.967290931793656;3.3825998033228166;32045786
MMA208_RNA;190208_K00376_0055_BHYKCCBBXX;6;2;39.221115550106965;4.894651121750402;32045786
MMA209_RNA;190211_K00376_0057_BHYK5LBBXX;1;1;39.89689566009439;3.467737741846596;44184878
MMA209_RNA;190211_K00376_0057_BHYK5LBBXX;1;2;38.82466693091997;5.485413290288827;44184878
MMA210_RNA;190208_K00376_0054_AH2YTNBBXY;8;1;39.93932285882004;3.4119434928441614;24994256
MMA210_RNA;190208_K00376_0054_AH2YTNBBXY;8;2;39.13286425755848;5.068105455517408;24994256
MMA211_RNA;190208_K00376_0054_AH2YTNBBXY;2;1;39.896889971516515;3.495900103894871;54515102
MMA211_RNA;190208_K00376_0054_AH2YTNBBXY;2;2;39.315358401053714;4.7169854729206255;54515102
MMA212_RNA;190208_K00376_0055_BHYKCCBBXX;5;1;39.94229169230415;3.411030791530234;12506103
MMA212_RNA;190208_K00376_0055_BHYKCCBBXX;5;2;39.17525525470777;4.960168602391134;12506103
MMA212_RNA;190220_K00377_0063_AH3T23BBXY;1;1;39.94844591873893;3.4256588518871682;20879290
MMA212_RNA;190220_K00377_0063_AH3T23BBXY;1;2;39.06475677477539;5.205481524567838;20879290
MMA212_RNA;190220_K00377_0063_AH3T23BBXY;2;1;39.907164427143165;3.5138495513809325;20536437
MMA212_RNA;190220_K00377_0063_AH3T23BBXY;2;2;39.232504264168774;4.914789018392971;20536437
MMA213_RNA;190208_K00376_0055_BHYKCCBBXX;6;1;39.927958750848816;3.4647558232892965;25779084
MMA213_RNA;190208_K00376_0055_BHYKCCBBXX;6;2;39.18586152143084;4.971765571064331;25779084
MMA214_RNA;190208_K00376_0055_BHYKCCBBXX;1;1;39.55513054663418;4.114221252964588;20643300
MMA214_RNA;190208_K00376_0055_BHYKCCBBXX;1;2;38.39738504534966;6.091100866875463;20643300
MMA214_RNA;190220_K00377_0063_AH3T23BBXY;1;1;39.74870032555331;3.8065558774922783;6178814
MMA214_RNA;190220_K00377_0063_AH3T23BBXY;1;2;38.98833705411211;5.343910682834016;6178814
MMA214_RNA;190220_K00377_0063_AH3T23BBXY;2;1;39.624666061135954;4.024889453738948;6122453
MMA214_RNA;190220_K00377_0063_AH3T23BBXY;2;2;39.13996467537875;5.073963932447784;6122453
MMA215_RNA;190208_K00376_0054_AH2YTNBBXY;4;1;39.860249983737184;3.574333920649565;34644467
MMA215_RNA;190208_K00376_0054_AH2YTNBBXY;4;2;39.21723580853474;4.88400001081066;34644467
MMA216_RNA;190208_K00376_0054_AH2YTNBBXY;3;1;39.914320680317076;3.4619960135160697;27068829
MMA216_RNA;190208_K00376_0054_AH2YTNBBXY;3;2;39.30468459742631;4.727610739184999;27068829
MMA217_RNA;190208_K00376_0054_AH2YTNBBXY;5;1;40.004370932999365;3.2939083398924054;35194036
MMA217_RNA;190208_K00376_0054_AH2YTNBBXY;5;2;39.57132141025258;4.246267689307614;35194036
MMA218_RNA;190208_K00376_0055_BHYKCCBBXX;7;1;39.781060880789546;3.7098425548650718;14570836
MMA218_RNA;190208_K00376_0055_BHYKCCBBXX;7;2;39.000890136983216;5.27974784815875;14570836
MMA218_RNA;190220_K00377_0063_AH3T23BBXY;1;1;39.93973852029976;3.4513751145462797;9884056
MMA218_RNA;190220_K00377_0063_AH3T23BBXY;1;2;39.03767489243957;5.291412290323208;9884056
MMA218_RNA;190220_K00377_0063_AH3T23BBXY;2;1;39.903497937090044;3.528071236264298;9610615
MMA218_RNA;190220_K00377_0063_AH3T23BBXY;2;2;39.21006308545291;4.996775484246838;9610615
MMA219_RNA;190208_K00376_0054_AH2YTNBBXY;5;1;40.00942372119363;3.278501010978068;31923402
MMA219_RNA;190208_K00376_0054_AH2YTNBBXY;5;2;39.53610153830096;4.343377998990264;31923402
MMA220_RNA;190211_K00376_0057_BHYK5LBBXX;3;1;39.97841566508442;3.320017426708078;42390511
MMA220_RNA;190211_K00376_0057_BHYK5LBBXX;3;2;39.318344642114205;4.717246505961753;42390511
MMA222_RNA;190208_K00376_0055_BHYKCCBBXX;4;1;29.585;10.373626586087395;8
MMA222_RNA;190208_K00376_0055_BHYKCCBBXX;4;2;25.94;10.579363791381029;8
MMA222_RNA;190211_K00376_0057_BHYK5LBBXX;8;1;39.77216998968477;3.707558605443357;27223495
MMA222_RNA;190211_K00376_0057_BHYK5LBBXX;8;2;38.430732747087276;6.129026209653552;27223495
MMA223_RNA;190208_K00376_0054_AH2YTNBBXY;6;1;39.80671833459362;3.6415713396746434;26017946
MMA223_RNA;190208_K00376_0054_AH2YTNBBXY;6;2;39.53843328805945;4.264329467630278;26017946
MMA224_RNA;190208_K00376_0055_BHYKCCBBXX;7;1;39.764524240488434;3.7386971106292974;26447315
MMA224_RNA;190208_K00376_0055_BHYKCCBBXX;7;2;39.06767719142756;5.176975663539626;26447315
MMA225_RNA;190208_K00376_0055_BHYKCCBBXX;1;1;39.73328636461263;3.8164189297000353;28131346
MMA225_RNA;190208_K00376_0055_BHYKCCBBXX;1;2;38.50326642220864;6.028454562970119;28131346
MMA226_RNA;190208_K00376_0054_AH2YTNBBXY;1;1;39.90095118027963;3.489913564395651;29334348
MMA226_RNA;190208_K00376_0054_AH2YTNBBXY;1;2;38.414606687923204;6.214193994642532;29334348
MMA227_RNA;190208_K00376_0055_BHYKCCBBXX;7;1;39.80780133811186;3.648513481768117;19921902
MMA227_RNA;190208_K00376_0055_BHYKCCBBXX;7;2;39.114790807290056;5.087846423407794;19921902
MMA227_RNA;190220_K00377_0063_AH3T23BBXY;1;1;39.96381507383216;3.3899654100875636;5911945
MMA227_RNA;190220_K00377_0063_AH3T23BBXY;1;2;39.13145652742033;5.131508926273431;5911945
MMA227_RNA;190220_K00377_0063_AH3T23BBXY;2;1;39.92676466157204;3.471161681924497;5788056
MMA227_RNA;190220_K00377_0063_AH3T23BBXY;2;2;39.30023175311366;4.833197216168783;5788056
MMA228_RNA;190211_K00376_0057_BHYK5LBBXX;3;1;39.69772391183223;3.9040687110886307;2734030
MMA228_RNA;190211_K00376_0057_BHYK5LBBXX;3;2;39.427495811433424;4.549657629535745;2734030
MMA228_RNA;190220_K00377_0063_AH3T23BBXY;1;1;39.84829059296508;3.64262761732988;1299981
MMA228_RNA;190220_K00377_0063_AH3T23BBXY;1;2;39.3027516863708;4.785771378231111;1299981
MMA228_RNA;190220_K00377_0063_AH3T23BBXY;2;1;39.80796033852908;3.7324572040900392;1529007
MMA228_RNA;190220_K00377_0063_AH3T23BBXY;2;2;39.50480331352309;4.4090288966268885;1529007
MMA229_RNA;190208_K00376_0055_BHYKCCBBXX;1;1;39.77340796856878;3.7326641084818686;21372211
MMA229_RNA;190208_K00376_0055_BHYKCCBBXX;1;2;38.40770491987625;6.082911944394081;21372211
MMA229_RNA;190220_K00377_0063_AH3T23BBXY;1;1;39.93219047021016;3.4570301220088004;5478288
MMA229_RNA;190220_K00377_0063_AH3T23BBXY;1;2;38.991429529322545;5.3288776179843005;5478288
MMA229_RNA;190220_K00377_0063_AH3T23BBXY;2;1;39.89191449904084;3.543763632434142;5358474
MMA229_RNA;190220_K00377_0063_AH3T23BBXY;2;2;39.16692728812967;5.02555222117904;5358474
MMA230_RNA;190208_K00376_0055_BHYKCCBBXX;8;1;39.803879389842066;3.683520799961627;29755968
MMA230_RNA;190208_K00376_0055_BHYKCCBBXX;8;2;38.95094174542286;5.304454463799665;29755968
